The Reverie SaigonSheraton SaigonRex Sài GònNovotel Saigon CentreSofitel Saigon PlazaLe Meridien Sài GònPullman Saigon CentrePark Hyatt SaigonCaravelleThe Myst Đồng KhởiInterContinental Asiana SaigonNikko Sài GònTân Sơn Nhất Sài GònNorfolk SaigonTajmasago ResortDes Arts Saigon MGallery CollectionNew World Sài GònKhu căn hộ cao cấp – Norfolk MansionCăn hộ Oakwood Hồ Chí MinhKhu căn hộ Amena & SuitesBay Hồ Chí MinhMajestic SaigonWindsorAn Lâm Sài Gòn RiverLotte Legend Sài GònEquatorialMường Thanh Sài Gòn CentreFusion Suites Sài GònPalace Sài GònOscar Sài GònThe Chi Boutique hotelLuxury Old Quarter HotelMaison D’Hanoi Boutique HotelMaro hotelHanoi Delano HotelRising Dragon Palace HotelZig Zag Ba Mươi Tháng TưĐức Lợi Ba Tháng HaiThomas Thanh Lan Hoàng Long Hoang Long Thomas Phúc Lâm Bạch Đằng Bưu Điện Sun River Green Plaza Rainbow New Moon Đà Nẵng Green Plaza Thuận An Brilliant Thanh Lịch Tre Xanh Bên Sông Modern Sông Hàn Tan Minh Seafood Minh Tam Riverside Bạch Đằng Bắc Vy Công Ty Cổ Phần Saigontourane Ngôi Nhà Nhỏ Trang Thư Little Home Đà Nẵng Hưng Bình Nhà Hàng Lý Trường Thành Thuận Phước Hy Vọng Tt Kd Dv Blue Sky Đà Nẵng Khách Sạn, Quận Sơn Trà Điện Lực Son Tra Công Ty Cổ Phần Điện Lực Mạnh Cường Minh Toàn Fortune Sao Mai Tiến Thịnh Quốc Cường Phòng Hội Nghị Đà Nẵng Hoàng Nam Morning Star Mini Thiên Phước Louis Hoa Sen Wynn Louis Danang Thu Do Giany Viễn Đông Hoa Hồng Heaven Đà Nẵng Cổng Vàng Magnolia Lotus Datraco Ngọc Việt Steak House Newland Red Phú Mỹ An Queen Romance Caraven Hoàng Ngọc Gold Danang Phú Sơn Phú Sơn Hoang Yen Nhật Hạ Úc Kim Sao Minh Business King Star Light Nữ Hoàng Nữ Hoàng Thiên Lai Sáu Đà Nẵng Thiên Lai Queen Danang Ly Ly Hoàng Hà Lô Mayana Hải Vân Hagl Plaza Danang Hagl Plaza Đà Nẵng Hoàng Gia Duy Anh Danang Phú An Thanh Bình Dl Cđ Thanh Bình Đà Nẵng Trade Union Tân Vinh One Star Minh Anh Thắng Lợi Pacific Danang Thái Bình Dương Bamboo Green Central Orient Lan Phương Đà Nẵng Mini Tuyết Trắng Xuân Hưng Prince Cổng Vàng Xuân Hưng Thanh Thanh Phuong Dong Phương Lan Silver Boutique Hải Hồng Hoa Việt Royal Ami Danang Petro Hoa Sứ Hàng Không Kim Cương 